category,lin,lout
open_qa,10,24
open_qa,24,8
open_qa,12,6
open_qa,6,102
open_qa,16,25
open_qa,16,16
open_qa,15,3
open_qa,8,9
open_qa,5,93
open_qa,9,13
open_qa,11,2
open_qa,9,84
open_qa,5,180
open_qa,7,3
open_qa,10,335
open_qa,6,105
creative_writing,10,411
open_qa,7,20
open_qa,5,30
open_qa,10,11
open_qa,20,3
open_qa,9,3
open_qa,9,7
creative_writing,19,161
open_qa,9,255
open_qa,6,35
open_qa,13,27
open_qa,9,43
open_qa,5,69
open_qa,9,13
open_qa,6,99
creative_writing,31,468
open_qa,5,200
open_qa,13,31
open_qa,11,2
creative_writing,17,136
open_qa,22,223
open_qa,23,3
open_qa,14,261
open_qa,10,109
open_qa,5,30
creative_writing,8,251
open_qa,9,94
open_qa,15,191
creative_writing,12,75
open_qa,6,291
open_qa,13,59
open_qa,7,17
open_qa,10,11
open_qa,11,26
creative_writing,21,179
open_qa,12,4
creative_writing,11,454
open_qa,10,95
open_qa,18,35
open_qa,14,70
open_qa,17,5
open_qa,5,18
creative_writing,39,994
open_qa,12,29
open_qa,11,49
open_qa,11,89
open_qa,11,57
open_qa,13,136
open_qa,10,204
open_qa,67,51
open_qa,5,126
open_qa,15,19
open_qa,15,22
open_qa,6,7
open_qa,10,24
open_qa,4,48
open_qa,6,76
creative_writing,17,81
open_qa,6,29
open_qa,5,71
open_qa,11,3
open_qa,6,520
open_qa,7,12
open_qa,15,60
open_qa,10,25
open_qa,12,47
open_qa,14,48
open_qa,11,31
creative_writing,60,63
creative_writing,11,204
creative_writing,14,201
open_qa,11,93
open_qa,10,21
open_qa,13,15
open_qa,19,5
open_qa,8,24
open_qa,14,18
open_qa,6,1
open_qa,6,158
open_qa,13,3
open_qa,10,74
open_qa,10,45
open_qa,10,8
open_qa,10,48
open_qa,8,48
creative_writing,7,639
open_qa,7,4
open_qa,9,156
open_qa,12,14
open_qa,9,84
creative_writing,12,98
open_qa,12,169
open_qa,7,12
open_qa,5,87
creative_writing,12,26
open_qa,5,31
open_qa,12,6
open_qa,8,4
open_qa,16,12
open_qa,4,123
open_qa,7,26
open_qa,6,285
open_qa,15,84
open_qa,17,4
open_qa,14,13
creative_writing,24,214
open_qa,5,48
open_qa,6,115
open_qa,15,4
open_qa,11,4
open_qa,11,34
open_qa,17,22
creative_writing,12,183
creative_writing,9,29
open_qa,8,121
creative_writing,8,109
creative_writing,10,100
open_qa,11,35
open_qa,7,62
open_qa,11,36
open_qa,5,66
open_qa,12,154
open_qa,12,11
open_qa,6,26
open_qa,8,1
open_qa,10,122
open_qa,7,184
open_qa,6,282
open_qa,8,7
open_qa,12,4
creative_writing,22,315
open_qa,9,1
open_qa,9,42
open_qa,9,26
creative_writing,10,216
open_qa,6,39
open_qa,6,30
open_qa,7,34
open_qa,7,21
open_qa,5,60
open_qa,6,44
open_qa,4,36
open_qa,21,1
open_qa,4,33
open_qa,5,94
creative_writing,23,113
open_qa,19,39
open_qa,9,84
open_qa,6,102
creative_writing,7,113
open_qa,8,10
open_qa,14,55
open_qa,9,233
open_qa,8,6
open_qa,11,3
open_qa,17,17
open_qa,6,144
open_qa,10,44
open_qa,4,54
open_qa,12,60
creative_writing,11,339
open_qa,11,71
open_qa,13,32
creative_writing,24,181
open_qa,15,125
open_qa,11,12
creative_writing,16,420
open_qa,16,64
creative_writing,11,266
open_qa,13,95
open_qa,6,385
open_qa,15,15
open_qa,8,7
creative_writing,8,76
open_qa,13,15
open_qa,8,17
open_qa,4,87
open_qa,11,62
open_qa,10,109
creative_writing,6,148
open_qa,25,93
creative_writing,7,894
open_qa,7,14
open_qa,9,2
creative_writing,20,59
open_qa,9,95
open_qa,12,63
open_qa,14,18
open_qa,14,15
open_qa,10,41
open_qa,5,56
open_qa,5,43
open_qa,11,16
open_qa,8,39
open_qa,11,70
creative_writing,13,222
open_qa,11,79
open_qa,14,49
open_qa,19,11
open_qa,10,49
open_qa,10,298
open_qa,8,23
open_qa,11,22
open_qa,8,9
open_qa,16,26
open_qa,12,11
open_qa,11,20
open_qa,6,25
open_qa,17,4
creative_writing,42,76
open_qa,10,3
open_qa,8,12
open_qa,7,452
open_qa,8,42
creative_writing,10,90
open_qa,10,24
open_qa,6,34
open_qa,7,23
creative_writing,7,132
open_qa,9,119
creative_writing,20,86
open_qa,15,2
open_qa,11,11
open_qa,9,1
creative_writing,12,49
open_qa,12,34
creative_writing,11,114
creative_writing,26,550
creative_writing,9,202
open_qa,5,52
open_qa,19,27
open_qa,14,121
open_qa,9,4
open_qa,22,5
open_qa,5,107
open_qa,6,137
open_qa,6,46
open_qa,9,34
creative_writing,9,248
open_qa,11,95
open_qa,17,24
open_qa,8,224
creative_writing,11,133
open_qa,9,13
creative_writing,20,130
creative_writing,46,179
creative_writing,14,243
open_qa,14,23
open_qa,6,23
open_qa,10,61
creative_writing,11,68
open_qa,7,4
open_qa,8,56
open_qa,11,110
open_qa,6,19
open_qa,13,18
open_qa,11,197
open_qa,9,2
open_qa,16,54
open_qa,12,15
open_qa,9,130
open_qa,5,337
open_qa,11,3
open_qa,10,14
open_qa,9,9
open_qa,7,43
open_qa,8,16
open_qa,10,20
open_qa,5,57
open_qa,7,71
open_qa,8,26
open_qa,9,46
open_qa,9,75
creative_writing,7,75
creative_writing,14,16
open_qa,9,9
open_qa,5,91
open_qa,8,57
open_qa,38,24
open_qa,9,4
creative_writing,9,135
open_qa,19,104
open_qa,12,2
open_qa,16,297
open_qa,10,12
open_qa,14,46
open_qa,8,26
open_qa,10,27
open_qa,7,4
open_qa,16,6
open_qa,7,6
open_qa,9,15
open_qa,10,7
open_qa,6,20
open_qa,8,27
open_qa,7,20
open_qa,4,130
open_qa,6,56
open_qa,14,8
open_qa,11,111
open_qa,14,4
open_qa,14,22
open_qa,11,81
creative_writing,14,926
open_qa,12,27
open_qa,6,24
open_qa,6,27
open_qa,7,21
open_qa,12,31
open_qa,9,21
open_qa,24,24
creative_writing,5,72
open_qa,9,36
open_qa,12,146
open_qa,6,130
creative_writing,16,103
open_qa,13,55
open_qa,7,73
open_qa,10,65
open_qa,10,26
open_qa,18,322
open_qa,6,40
open_qa,16,2
open_qa,8,3
open_qa,8,5
open_qa,10,25
open_qa,12,136
creative_writing,12,285
open_qa,5,85
open_qa,8,11
creative_writing,22,58
open_qa,6,64
open_qa,14,3
open_qa,14,38
open_qa,6,5
creative_writing,24,248
open_qa,6,25
open_qa,16,52
open_qa,12,65
creative_writing,9,105
open_qa,24,21
open_qa,6,64
creative_writing,8,143
open_qa,9,14
open_qa,14,10
open_qa,9,26
creative_writing,11,117
open_qa,6,67
open_qa,12,20
open_qa,7,96
open_qa,6,130
open_qa,8,65
open_qa,6,88
open_qa,11,95
open_qa,5,72
open_qa,6,21
open_qa,10,173
open_qa,12,27
open_qa,5,10
open_qa,6,70
open_qa,10,40
open_qa,7,26
open_qa,19,65
open_qa,8,77
open_qa,8,8
creative_writing,21,165
creative_writing,14,113
open_qa,19,31
open_qa,12,3
creative_writing,9,61
open_qa,6,60
open_qa,10,97
creative_writing,12,95
open_qa,15,33
open_qa,14,2
open_qa,13,54
open_qa,17,122
open_qa,11,26
open_qa,27,8
open_qa,8,32
open_qa,6,32
open_qa,7,29
open_qa,12,167
creative_writing,54,36
open_qa,7,11
open_qa,12,101
open_qa,6,46
open_qa,13,35
open_qa,13,151
open_qa,7,150
open_qa,7,11
open_qa,11,109
open_qa,8,6
open_qa,23,9
open_qa,7,266
open_qa,8,121
open_qa,9,112
creative_writing,56,211
open_qa,10,3
open_qa,10,56
open_qa,7,77
open_qa,7,69
open_qa,13,5
open_qa,9,83
open_qa,5,523
creative_writing,13,244
open_qa,12,15
open_qa,15,12
creative_writing,9,37
open_qa,23,2
open_qa,5,121
creative_writing,20,513
open_qa,10,29
open_qa,21,3
open_qa,6,2
open_qa,8,6
creative_writing,19,191
open_qa,5,55
open_qa,11,13
open_qa,12,63
open_qa,7,44
open_qa,9,22
creative_writing,11,94
open_qa,10,93
open_qa,12,132
open_qa,18,228
open_qa,7,75
open_qa,14,7
creative_writing,6,20
open_qa,6,112
open_qa,15,16
open_qa,7,109
open_qa,11,11
open_qa,11,3
open_qa,8,37
open_qa,9,20
open_qa,11,13
open_qa,4,227
open_qa,10,2
open_qa,10,33
open_qa,10,5
open_qa,5,16
open_qa,11,10
open_qa,9,3
open_qa,9,89
creative_writing,10,178
open_qa,5,65
open_qa,8,14
open_qa,10,19
open_qa,10,7
open_qa,14,42
open_qa,7,43
open_qa,8,9
open_qa,6,180
open_qa,9,9
open_qa,9,215
open_qa,12,182
creative_writing,11,240
open_qa,12,155
open_qa,8,95
open_qa,9,70
open_qa,8,436
open_qa,6,23
open_qa,9,172
open_qa,13,27
open_qa,14,14
open_qa,7,64
creative_writing,28,266
open_qa,8,28
open_qa,17,9
open_qa,6,101
creative_writing,7,112
creative_writing,7,98
creative_writing,4,27
open_qa,14,24
open_qa,7,11
open_qa,8,15
open_qa,6,214
open_qa,6,155
open_qa,5,12
open_qa,11,15
open_qa,5,202
open_qa,7,91
open_qa,6,350
open_qa,7,103
open_qa,15,4
open_qa,11,13
open_qa,11,42
open_qa,6,78
open_qa,6,150
open_qa,12,3
open_qa,4,2
open_qa,13,12
open_qa,21,3
open_qa,13,11
open_qa,6,129
open_qa,11,7
creative_writing,12,126
open_qa,12,23
open_qa,6,32
open_qa,5,43
creative_writing,11,147
open_qa,8,10
creative_writing,36,135
open_qa,11,131
open_qa,8,255
creative_writing,12,359
open_qa,13,15
open_qa,11,22
open_qa,10,3
open_qa,6,70
open_qa,21,68
open_qa,5,53
creative_writing,24,180
open_qa,14,19
open_qa,5,30
open_qa,10,14
open_qa,7,9
open_qa,7,17
open_qa,5,56
open_qa,11,82
open_qa,14,19
open_qa,8,138
open_qa,6,12
creative_writing,6,113
open_qa,15,25
open_qa,8,31
open_qa,9,28
open_qa,16,81
creative_writing,15,286
open_qa,7,159
open_qa,6,51
creative_writing,14,194
open_qa,12,43
open_qa,15,27
creative_writing,7,70
open_qa,10,125
open_qa,12,8
open_qa,9,62
creative_writing,28,344
open_qa,7,37
open_qa,14,17
open_qa,9,67
open_qa,15,40
open_qa,10,2
open_qa,12,29
creative_writing,10,97
open_qa,6,29
open_qa,6,71
open_qa,9,11
open_qa,8,9
open_qa,15,92
open_qa,5,23
open_qa,7,339
open_qa,15,16
open_qa,7,12
open_qa,7,49
open_qa,12,58
open_qa,6,63
open_qa,5,50
open_qa,6,5
open_qa,11,137
open_qa,9,2
open_qa,9,3
open_qa,4,142
open_qa,5,27
open_qa,13,9
open_qa,11,93
open_qa,8,22
open_qa,10,64
open_qa,9,52
open_qa,5,72
open_qa,11,86
open_qa,7,66
open_qa,7,28
open_qa,12,3
open_qa,9,63
open_qa,13,12
open_qa,8,17
open_qa,11,2
open_qa,8,91
creative_writing,6,102
open_qa,7,7
creative_writing,13,104
creative_writing,23,324
open_qa,9,9
open_qa,8,97
creative_writing,70,94
open_qa,5,273
open_qa,21,76
open_qa,8,13
open_qa,12,3
open_qa,9,90
open_qa,8,5
open_qa,9,15
open_qa,9,25
open_qa,5,51
open_qa,9,29
open_qa,6,99
open_qa,8,19
open_qa,7,75
open_qa,10,23
creative_writing,35,152
open_qa,6,45
open_qa,10,12
open_qa,10,34
open_qa,14,16
open_qa,7,29
open_qa,8,77
open_qa,8,154
open_qa,5,96
creative_writing,12,110
open_qa,8,474
creative_writing,8,89
open_qa,43,62
creative_writing,9,1018
creative_writing,16,557
open_qa,7,208
open_qa,7,4
open_qa,9,1
open_qa,14,30
creative_writing,18,145
open_qa,9,4
creative_writing,30,276
open_qa,7,7
open_qa,5,65
open_qa,6,100
open_qa,8,40
open_qa,9,73
open_qa,9,17
open_qa,8,22
creative_writing,42,246
open_qa,11,19
open_qa,11,16
open_qa,8,21
open_qa,7,112
creative_writing,10,98
open_qa,8,54
open_qa,8,95
open_qa,9,13
open_qa,12,47
open_qa,5,53
open_qa,10,5
open_qa,10,31
open_qa,5,133
open_qa,12,21
open_qa,6,41
open_qa,9,107
open_qa,16,15
open_qa,13,73
open_qa,18,5
open_qa,11,65
open_qa,11,4
open_qa,7,46
open_qa,6,77
open_qa,20,6
open_qa,8,83
open_qa,12,39
open_qa,7,148
open_qa,6,102
open_qa,7,47
open_qa,12,12
open_qa,10,57
open_qa,19,13
open_qa,8,97
open_qa,10,154
open_qa,10,2
open_qa,18,6
open_qa,14,236
creative_writing,22,114
open_qa,6,124
open_qa,9,11
open_qa,18,77
creative_writing,20,82
open_qa,12,10
open_qa,7,35
creative_writing,12,83
open_qa,6,9
creative_writing,7,155
open_qa,10,99
creative_writing,8,88
open_qa,4,41
open_qa,6,50
open_qa,12,36
open_qa,6,91
creative_writing,49,365
open_qa,11,21
open_qa,15,83
open_qa,7,23
open_qa,5,100
open_qa,7,228
open_qa,19,16
open_qa,4,15
open_qa,10,49
open_qa,14,4
open_qa,12,57
open_qa,9,257
open_qa,9,195
creative_writing,8,251
open_qa,9,20
open_qa,7,30
open_qa,4,84
open_qa,7,7
open_qa,10,25
open_qa,8,27
open_qa,7,115
open_qa,7,7
open_qa,6,25
open_qa,10,10
open_qa,10,13
open_qa,8,2
open_qa,5,78
open_qa,9,16
open_qa,15,26
open_qa,9,8
open_qa,4,29
open_qa,10,25
open_qa,8,27
open_qa,8,21
open_qa,35,151
open_qa,6,71
open_qa,4,78
creative_writing,11,123
open_qa,10,2
open_qa,6,3
open_qa,29,28
creative_writing,9,17
creative_writing,14,132
creative_writing,15,255
open_qa,13,16
open_qa,7,7
open_qa,8,42
open_qa,16,4
open_qa,7,74
open_qa,21,106
open_qa,19,21
creative_writing,13,171
open_qa,12,211
open_qa,12,2
open_qa,5,102
open_qa,14,18
creative_writing,7,60
open_qa,7,12
open_qa,10,126
open_qa,19,29
open_qa,15,13
open_qa,9,9
open_qa,10,17
creative_writing,27,40
creative_writing,30,165
creative_writing,25,160
creative_writing,8,2
creative_writing,34,372
open_qa,13,14
open_qa,15,26
open_qa,5,43
creative_writing,11,111
open_qa,7,22
open_qa,6,3
open_qa,24,4
open_qa,9,40
open_qa,20,26
open_qa,7,34
creative_writing,21,261
open_qa,8,81
creative_writing,14,296
open_qa,15,5
open_qa,7,112
open_qa,12,15
open_qa,7,42
open_qa,15,104
open_qa,8,21
open_qa,13,42
creative_writing,31,130
open_qa,13,144
open_qa,20,5
open_qa,11,3
open_qa,5,86
open_qa,13,53
creative_writing,81,175
open_qa,11,221
open_qa,8,84
creative_writing,45,184
open_qa,11,16
open_qa,13,101
open_qa,12,470
open_qa,5,81
open_qa,8,93
open_qa,6,71
open_qa,9,41
open_qa,14,188
open_qa,10,6
open_qa,13,1
open_qa,30,30
open_qa,5,60
open_qa,14,5
open_qa,9,6
open_qa,13,326
open_qa,9,24
creative_writing,15,154
open_qa,11,9
open_qa,19,4
open_qa,10,467
open_qa,9,279
open_qa,9,114
open_qa,6,99
open_qa,9,69
creative_writing,30,556
open_qa,14,21
creative_writing,11,134
open_qa,11,1
open_qa,7,42
open_qa,13,15
open_qa,19,71
open_qa,5,43
open_qa,17,12
open_qa,15,28
open_qa,18,15
open_qa,7,20
open_qa,5,39
open_qa,7,77
open_qa,10,220
open_qa,5,41
creative_writing,43,145
open_qa,6,408
open_qa,19,5
open_qa,7,15
open_qa,10,10
open_qa,10,6
creative_writing,22,76
open_qa,10,98
open_qa,9,11
open_qa,12,4
open_qa,10,45
creative_writing,19,107
open_qa,7,34
open_qa,8,45
open_qa,9,39
open_qa,11,158
open_qa,10,131
creative_writing,24,337
open_qa,11,99
open_qa,8,43
open_qa,10,10
open_qa,9,2
open_qa,5,48
open_qa,6,63
open_qa,8,87
open_qa,13,339
creative_writing,81,102
open_qa,9,72
creative_writing,15,82
open_qa,8,161
open_qa,4,78
open_qa,12,128
creative_writing,13,105
open_qa,14,19
creative_writing,7,259
open_qa,5,190
open_qa,10,24
open_qa,7,20
open_qa,15,22
open_qa,6,127
open_qa,11,46
creative_writing,15,283
open_qa,11,1
open_qa,9,57
open_qa,12,93
open_qa,20,188
open_qa,10,34
creative_writing,6,160
open_qa,7,21
open_qa,16,3
creative_writing,13,82
open_qa,10,45
creative_writing,22,739
open_qa,6,227
open_qa,7,16
open_qa,13,8
open_qa,12,112
open_qa,7,7
open_qa,10,91
open_qa,13,170
open_qa,5,170
open_qa,10,62
creative_writing,8,137
open_qa,7,78
open_qa,10,9
open_qa,6,21
creative_writing,11,71
open_qa,9,88
open_qa,6,192
open_qa,12,70
creative_writing,15,130
open_qa,9,3
open_qa,6,8
open_qa,27,219
creative_writing,31,255
open_qa,14,33
open_qa,12,15
open_qa,6,70
open_qa,5,31
open_qa,5,120
open_qa,6,105
open_qa,29,114
open_qa,6,95
open_qa,16,55
open_qa,7,116
open_qa,8,18
open_qa,18,452
open_qa,16,2
open_qa,8,10
creative_writing,18,298
open_qa,9,435
open_qa,9,42
open_qa,8,57
open_qa,14,221
creative_writing,8,1024
open_qa,9,29
open_qa,10,51
open_qa,9,2
creative_writing,12,91
open_qa,8,25
open_qa,6,7
open_qa,12,10
open_qa,13,60
open_qa,12,11
open_qa,7,2
open_qa,10,31
creative_writing,11,62
open_qa,15,32
open_qa,7,21
open_qa,9,35
open_qa,5,150
open_qa,16,18
open_qa,14,8
open_qa,8,292
open_qa,12,14
open_qa,9,6
open_qa,6,91
creative_writing,48,127
open_qa,12,3
open_qa,5,9
open_qa,14,5
open_qa,16,11
open_qa,4,83
open_qa,7,18
open_qa,5,117
open_qa,13,35
open_qa,27,70
open_qa,12,3
open_qa,7,11
open_qa,10,32
open_qa,4,77
creative_writing,44,116
open_qa,13,84
open_qa,19,5
open_qa,5,1
creative_writing,30,112
open_qa,13,49
open_qa,7,51
open_qa,9,2
open_qa,10,133
open_qa,8,14
open_qa,8,5
open_qa,10,122
open_qa,12,96
open_qa,10,74
open_qa,14,144
open_qa,10,154
open_qa,7,60
open_qa,10,109
open_qa,11,8
open_qa,9,11
open_qa,7,272
open_qa,11,23
open_qa,20,25
open_qa,10,4
open_qa,5,99
open_qa,4,179
open_qa,11,10
open_qa,9,159
open_qa,9,52
creative_writing,10,81
open_qa,4,47
open_qa,8,96
open_qa,4,221
open_qa,10,10
open_qa,9,18
open_qa,10,137
open_qa,11,8
open_qa,9,70
open_qa,15,12
open_qa,6,154
open_qa,7,132
open_qa,11,13
open_qa,16,60
open_qa,14,2
open_qa,10,66
open_qa,10,27
open_qa,8,48
open_qa,8,26
open_qa,8,41
open_qa,8,19
open_qa,8,2
creative_writing,39,463
open_qa,7,357
open_qa,10,3
open_qa,7,17
open_qa,15,3
open_qa,13,38
open_qa,9,7
open_qa,8,30
creative_writing,6,135
open_qa,8,87
open_qa,11,101
creative_writing,11,257
open_qa,10,12
open_qa,15,3
open_qa,7,78
open_qa,6,21
open_qa,8,36
open_qa,8,19
open_qa,8,8
creative_writing,5,14
open_qa,5,138
open_qa,6,44
open_qa,13,154
open_qa,10,30
open_qa,8,28
open_qa,7,2
open_qa,8,8
open_qa,16,40
creative_writing,8,84
open_qa,11,113
open_qa,12,14
open_qa,4,377
creative_writing,38,162
open_qa,6,14
open_qa,23,73
open_qa,7,219
open_qa,10,20
open_qa,9,46
open_qa,19,26
open_qa,12,21
open_qa,5,82
open_qa,8,61
open_qa,9,6
open_qa,17,38
open_qa,13,15
open_qa,14,26
open_qa,14,52
open_qa,11,63
open_qa,10,6
open_qa,10,53
open_qa,16,5
open_qa,17,28
open_qa,10,120
open_qa,9,30
open_qa,8,46
open_qa,6,68
open_qa,8,7
creative_writing,11,104
open_qa,10,151
creative_writing,17,24
creative_writing,20,228
open_qa,7,82
open_qa,17,383
creative_writing,15,236
open_qa,6,73
open_qa,11,28
open_qa,5,45
open_qa,8,192
open_qa,8,60
open_qa,6,77
open_qa,7,21
open_qa,5,104
open_qa,10,102
open_qa,7,75
open_qa,11,72
open_qa,5,122
open_qa,12,6
open_qa,13,14
open_qa,17,105
open_qa,11,44
open_qa,11,202
open_qa,11,61
open_qa,11,11
creative_writing,8,32
open_qa,5,90
open_qa,7,17
open_qa,10,14
open_qa,4,90
creative_writing,7,34
creative_writing,17,43
open_qa,10,34
open_qa,7,2
open_qa,12,41
open_qa,12,154
open_qa,11,9
open_qa,8,5
creative_writing,5,72
open_qa,8,28
open_qa,10,332
open_qa,8,43
open_qa,5,81
open_qa,12,24
open_qa,9,55
open_qa,10,12
creative_writing,29,54
open_qa,17,137
open_qa,6,58
open_qa,21,81
open_qa,16,155
open_qa,17,2
open_qa,11,3
creative_writing,13,775
open_qa,16,63
creative_writing,24,93
open_qa,8,196
open_qa,6,92
open_qa,10,4
open_qa,19,123
open_qa,9,149
open_qa,8,119
open_qa,12,80
creative_writing,13,130
open_qa,28,3
open_qa,6,98
creative_writing,12,81
creative_writing,29,195
open_qa,7,67
open_qa,18,5
open_qa,6,21
open_qa,7,12
open_qa,6,31
creative_writing,5,67
open_qa,8,69
open_qa,5,179
creative_writing,45,75
open_qa,7,5
open_qa,10,2
open_qa,15,24
open_qa,9,80
open_qa,13,41
open_qa,5,34
open_qa,8,3
open_qa,8,84
open_qa,6,17
open_qa,9,11
open_qa,5,79
open_qa,6,113
open_qa,14,20
open_qa,14,1
open_qa,8,70
open_qa,12,101
open_qa,8,275
open_qa,15,3
creative_writing,16,371
creative_writing,31,50
open_qa,4,70
open_qa,10,131
open_qa,16,8
open_qa,5,91
open_qa,12,191
open_qa,11,21
open_qa,7,16
open_qa,13,85
open_qa,8,111
open_qa,7,40
open_qa,6,2
open_qa,7,4
open_qa,5,53
creative_writing,7,123
creative_writing,25,305
open_qa,11,76
open_qa,5,6
open_qa,6,11
open_qa,4,93
open_qa,6,144
open_qa,9,41
open_qa,10,26
open_qa,5,94
open_qa,9,71
open_qa,6,76
open_qa,4,10
open_qa,10,33
creative_writing,9,1537
open_qa,22,4
open_qa,4,102
open_qa,11,6
open_qa,10,41
open_qa,4,63
open_qa,5,155
open_qa,24,3
creative_writing,39,218
open_qa,8,94
open_qa,13,6
open_qa,5,79
open_qa,8,84
open_qa,17,25
open_qa,9,12
open_qa,13,93
open_qa,19,3
open_qa,6,69
creative_writing,23,351
creative_writing,13,278
open_qa,19,8
open_qa,13,2
creative_writing,17,45
open_qa,14,177
open_qa,15,186
open_qa,3,45
open_qa,9,264
open_qa,11,13
open_qa,5,24
creative_writing,7,8
creative_writing,18,89
open_qa,8,61
open_qa,11,9
open_qa,15,15
creative_writing,20,64
open_qa,9,53
open_qa,5,24
open_qa,10,49
open_qa,14,13
open_qa,11,18
open_qa,11,30
open_qa,32,96
open_qa,5,91
open_qa,9,1
open_qa,7,10
open_qa,19,47
creative_writing,9,34
open_qa,6,3
open_qa,8,22
open_qa,7,19
creative_writing,20,501
creative_writing,38,160
open_qa,7,6
open_qa,10,6
creative_writing,12,219
open_qa,13,167
creative_writing,26,177
open_qa,13,23
open_qa,18,153
open_qa,8,54
open_qa,10,10
open_qa,18,31
open_qa,14,118
open_qa,12,76
open_qa,17,140
open_qa,9,194
open_qa,8,238
open_qa,25,7
open_qa,11,31
creative_writing,19,99
open_qa,5,17
open_qa,6,89
open_qa,9,13
open_qa,9,46
open_qa,6,364
open_qa,6,25
open_qa,11,8
creative_writing,23,21
creative_writing,31,200
open_qa,15,8
open_qa,6,2
open_qa,7,253
open_qa,7,93
open_qa,9,7
open_qa,12,35
open_qa,22,120
open_qa,6,61
creative_writing,27,18
open_qa,9,75
open_qa,9,18
creative_writing,19,155
open_qa,11,79
open_qa,18,23
open_qa,8,9
open_qa,6,48
open_qa,11,104
open_qa,11,46
open_qa,12,42
open_qa,16,9
open_qa,12,83
open_qa,11,13
open_qa,19,100
open_qa,12,14
creative_writing,63,96
open_qa,8,35
open_qa,18,2
open_qa,6,85
open_qa,7,19
open_qa,8,100
open_qa,14,157
open_qa,14,11
open_qa,7,94
open_qa,5,8
open_qa,7,27
open_qa,18,13
open_qa,20,6
open_qa,8,100
open_qa,8,76
open_qa,14,16
open_qa,12,22
open_qa,6,90
open_qa,5,88
creative_writing,19,284
open_qa,10,28
open_qa,10,31
creative_writing,6,41
open_qa,4,49
open_qa,12,5
open_qa,13,295
open_qa,8,9
open_qa,15,44
open_qa,11,1
open_qa,10,25
open_qa,5,96
open_qa,8,8
open_qa,14,40
open_qa,17,34
open_qa,10,259
open_qa,8,13
open_qa,10,9
open_qa,10,28
creative_writing,11,106
open_qa,10,16
open_qa,8,2
open_qa,8,9
open_qa,14,66
open_qa,9,4
creative_writing,39,73
open_qa,18,3
open_qa,8,4
creative_writing,9,57
open_qa,10,94
open_qa,12,12
creative_writing,8,103
open_qa,13,112
open_qa,5,75
open_qa,11,231
creative_writing,10,306
creative_writing,32,516
open_qa,10,82
creative_writing,16,77
open_qa,7,124
open_qa,13,54
open_qa,10,2
open_qa,7,31
open_qa,9,4
open_qa,6,485
open_qa,6,220
open_qa,6,61
open_qa,6,5
open_qa,13,7
open_qa,12,23
open_qa,4,70
open_qa,14,26
open_qa,12,27
open_qa,8,13
open_qa,9,37
open_qa,7,129
open_qa,13,22
open_qa,13,97
open_qa,9,2
open_qa,10,55
open_qa,10,82
open_qa,6,111
open_qa,8,114
open_qa,4,182
open_qa,9,3
open_qa,12,67
open_qa,11,1
open_qa,9,6
open_qa,8,54
open_qa,5,204
open_qa,10,24
creative_writing,7,61
open_qa,10,2
open_qa,16,30
open_qa,8,42
open_qa,8,167
open_qa,8,3
open_qa,6,3
creative_writing,20,115
open_qa,6,6
open_qa,10,21
open_qa,9,12
open_qa,9,6
creative_writing,12,123
open_qa,17,148
creative_writing,29,80
open_qa,9,5
open_qa,11,119
open_qa,10,3
creative_writing,23,118
open_qa,13,57
open_qa,7,197
open_qa,7,7
open_qa,5,29
open_qa,7,100
open_qa,11,97
open_qa,10,54
open_qa,10,6
open_qa,11,119
open_qa,13,18
creative_writing,15,118
open_qa,9,2
creative_writing,14,353
open_qa,14,69
creative_writing,15,207
open_qa,10,14
open_qa,6,22
open_qa,8,37
open_qa,13,151
open_qa,8,117
open_qa,5,32
open_qa,7,150
open_qa,9,19
open_qa,10,56
open_qa,12,67
open_qa,7,159
open_qa,11,62
open_qa,6,35
open_qa,13,88
open_qa,8,34
open_qa,11,21
open_qa,12,10
open_qa,7,6
open_qa,11,63
open_qa,6,86
open_qa,7,7
creative_writing,12,122
open_qa,9,20
open_qa,8,4
open_qa,8,20
open_qa,16,1
open_qa,9,211
open_qa,7,4
open_qa,13,32
creative_writing,14,251
open_qa,8,9
creative_writing,14,47
creative_writing,16,111
open_qa,14,221
open_qa,15,565
open_qa,4,37
open_qa,11,46
creative_writing,13,98
open_qa,7,17
open_qa,9,89
open_qa,5,39
open_qa,9,25
creative_writing,58,446
open_qa,16,24
open_qa,20,94
open_qa,6,47
open_qa,12,27
open_qa,20,11
open_qa,36,4
open_qa,5,34
creative_writing,8,136
creative_writing,34,314
open_qa,20,7
open_qa,8,5
open_qa,9,4
open_qa,16,148
open_qa,9,22
open_qa,13,100
open_qa,19,71
open_qa,6,7
open_qa,8,78
open_qa,8,230
open_qa,20,4
open_qa,9,308
open_qa,13,2
open_qa,10,3
open_qa,11,18
creative_writing,9,236
open_qa,11,73
open_qa,19,4
open_qa,10,2
open_qa,6,55
open_qa,12,49
open_qa,16,20
creative_writing,12,28
open_qa,10,7
open_qa,5,138
open_qa,8,36
open_qa,5,3
open_qa,17,6
open_qa,11,2
creative_writing,6,31
creative_writing,32,511
open_qa,10,22
creative_writing,9,140
creative_writing,10,63
open_qa,7,24
creative_writing,13,237
open_qa,21,4
open_qa,10,93
open_qa,4,43
open_qa,14,44
open_qa,6,8
open_qa,8,43
open_qa,12,41
open_qa,12,15
creative_writing,33,560
open_qa,9,8
creative_writing,31,179
creative_writing,13,137
open_qa,9,5
open_qa,7,82
open_qa,10,13
open_qa,12,163
open_qa,12,2
open_qa,12,56
open_qa,6,57
open_qa,12,41
open_qa,18,87
open_qa,12,27
creative_writing,11,249
open_qa,30,81
open_qa,6,118
open_qa,9,7
open_qa,19,4
open_qa,7,63
open_qa,11,9
open_qa,11,165
open_qa,10,4
open_qa,6,59
creative_writing,13,189
open_qa,10,395
creative_writing,12,114
open_qa,8,2
open_qa,14,225
open_qa,5,114
creative_writing,14,73
open_qa,8,2
open_qa,43,159
open_qa,11,2
creative_writing,12,122
open_qa,9,10
open_qa,7,54
open_qa,22,160
open_qa,5,211
creative_writing,19,125
open_qa,10,98
open_qa,9,2
open_qa,16,31
open_qa,13,74
open_qa,4,413
creative_writing,16,107
open_qa,12,308
creative_writing,16,72
open_qa,8,4
open_qa,12,13
open_qa,7,43
open_qa,4,81
open_qa,11,11
open_qa,16,10
open_qa,6,15
open_qa,10,49
open_qa,17,106
open_qa,9,202
open_qa,7,238
open_qa,8,45
open_qa,8,47
open_qa,23,28
open_qa,6,21
open_qa,20,6
open_qa,16,81
creative_writing,15,103
open_qa,10,83
open_qa,10,65
open_qa,8,15
open_qa,9,104
open_qa,10,60
open_qa,5,127
open_qa,15,39
open_qa,15,5
open_qa,5,86
open_qa,7,65
open_qa,6,51
open_qa,11,8
open_qa,11,3
open_qa,9,11
open_qa,10,11
creative_writing,16,102
open_qa,9,90
open_qa,12,17
open_qa,5,114
open_qa,10,8
open_qa,11,57
open_qa,10,20
creative_writing,19,94
open_qa,8,93
open_qa,6,103
open_qa,10,44
open_qa,22,10
open_qa,20,6
open_qa,5,132
open_qa,16,283
open_qa,9,83
open_qa,7,56
open_qa,12,9
open_qa,19,4
open_qa,4,14
open_qa,5,47
open_qa,9,107
open_qa,6,61
open_qa,23,48
open_qa,9,17
creative_writing,6,21
creative_writing,11,232
open_qa,11,11
open_qa,8,4
open_qa,10,64
open_qa,13,21
open_qa,10,5
open_qa,10,11
open_qa,10,111
open_qa,7,51
open_qa,6,89
creative_writing,12,137
open_qa,12,64
open_qa,7,41
open_qa,12,14
open_qa,6,76
open_qa,12,22
open_qa,6,143
creative_writing,36,303
open_qa,8,33
open_qa,12,128
creative_writing,20,1772
open_qa,9,73
creative_writing,19,127
open_qa,16,35
open_qa,8,17
open_qa,9,1
open_qa,11,47
open_qa,6,87
open_qa,5,39
open_qa,10,64
open_qa,5,77
creative_writing,20,49
open_qa,9,19
open_qa,12,7
open_qa,10,59
open_qa,15,8
open_qa,5,63
open_qa,9,100
open_qa,7,206
open_qa,5,15
open_qa,7,20
open_qa,10,10
open_qa,12,3
open_qa,14,2
open_qa,7,97
open_qa,6,151
open_qa,6,16
creative_writing,8,111
open_qa,13,16
open_qa,7,18
open_qa,23,4
open_qa,5,60
open_qa,9,41
open_qa,11,30
open_qa,17,328
open_qa,12,3
open_qa,19,43
creative_writing,10,324
open_qa,9,21
open_qa,14,7
open_qa,14,46
creative_writing,10,106
open_qa,5,111
open_qa,10,7
open_qa,8,60
open_qa,11,5
open_qa,6,91
open_qa,11,60
open_qa,9,24
open_qa,6,11
open_qa,8,31
creative_writing,10,224
open_qa,8,39
open_qa,17,7
creative_writing,41,28
open_qa,16,13
open_qa,10,163
open_qa,12,29
creative_writing,89,149
open_qa,8,27
open_qa,5,95
open_qa,10,47
open_qa,9,56
open_qa,17,29
open_qa,19,97
open_qa,8,31
open_qa,9,45
creative_writing,9,129
creative_writing,5,1
creative_writing,33,387
open_qa,6,32
creative_writing,28,626
creative_writing,16,195
creative_writing,34,56
open_qa,14,16
open_qa,7,9
open_qa,5,248
open_qa,11,11
open_qa,13,62
open_qa,10,4
open_qa,5,32
open_qa,6,187
open_qa,11,95
open_qa,5,137
open_qa,7,38
open_qa,5,64
open_qa,6,13
open_qa,9,12
open_qa,18,1
open_qa,11,70
open_qa,9,24
open_qa,8,5
open_qa,18,32
open_qa,14,10
creative_writing,50,789
open_qa,5,95
open_qa,8,191
open_qa,9,21
open_qa,7,80
open_qa,10,38
creative_writing,16,97
open_qa,9,5
open_qa,8,19
open_qa,11,2
open_qa,14,69
open_qa,8,2
open_qa,8,16
creative_writing,10,328
open_qa,12,105
creative_writing,11,236
creative_writing,19,204
open_qa,6,35
open_qa,14,229
open_qa,11,62
creative_writing,54,156
open_qa,10,11
open_qa,8,9
open_qa,6,31
open_qa,19,24
open_qa,9,71
open_qa,6,2
open_qa,5,48
creative_writing,20,94
open_qa,8,39
open_qa,8,47
open_qa,11,48
open_qa,19,55
open_qa,8,21
open_qa,11,17
open_qa,5,1
open_qa,9,139
open_qa,6,60
open_qa,12,25
open_qa,10,172
open_qa,6,8
open_qa,8,168
creative_writing,16,15
creative_writing,7,144
creative_writing,10,265
open_qa,11,3
open_qa,7,15
open_qa,13,2
creative_writing,55,72
open_qa,9,9
open_qa,8,123
open_qa,7,43
open_qa,20,55
open_qa,7,51
open_qa,11,42
open_qa,10,67
creative_writing,15,130
open_qa,9,3
open_qa,25,34
creative_writing,7,203
open_qa,14,47
open_qa,9,31
open_qa,8,60
open_qa,9,26
open_qa,20,45
open_qa,9,69
open_qa,17,243
open_qa,7,71
open_qa,8,31
creative_writing,7,112
open_qa,9,14
open_qa,6,81
creative_writing,10,102
open_qa,5,53
open_qa,9,2
open_qa,6,57
creative_writing,17,162
open_qa,20,93
open_qa,13,775
open_qa,6,117
open_qa,5,802
open_qa,6,35
open_qa,13,19
creative_writing,48,312
creative_writing,17,90
creative_writing,36,339
open_qa,28,5
open_qa,5,114
open_qa,8,29
open_qa,20,50
open_qa,9,106
open_qa,12,8
creative_writing,12,333
creative_writing,14,194
open_qa,8,151
open_qa,13,36
open_qa,13,25
open_qa,6,94
open_qa,12,79
open_qa,5,356
open_qa,10,10
open_qa,14,27
open_qa,10,9
open_qa,18,4
creative_writing,13,155
open_qa,9,6
creative_writing,10,45
open_qa,20,6
open_qa,6,39
open_qa,21,16
open_qa,14,4
open_qa,27,228
open_qa,11,150
open_qa,12,21
open_qa,15,26
open_qa,15,5
open_qa,9,12
open_qa,16,19
open_qa,8,235
open_qa,14,91
creative_writing,18,101
creative_writing,5,52
open_qa,9,26
open_qa,7,88
open_qa,7,6
open_qa,19,49
open_qa,8,72
open_qa,14,241
open_qa,8,3
open_qa,6,200
creative_writing,8,104
open_qa,7,178
open_qa,6,10
open_qa,9,202
creative_writing,19,793
open_qa,12,3
creative_writing,29,260
open_qa,9,2
open_qa,10,41
open_qa,9,52
open_qa,9,144
open_qa,9,37
open_qa,8,42
open_qa,17,16
open_qa,5,54
open_qa,6,221
open_qa,22,4
open_qa,10,261
open_qa,5,116
open_qa,8,7
open_qa,4,128
open_qa,8,110
open_qa,11,34
open_qa,13,12
open_qa,8,19
open_qa,20,7
open_qa,11,9
open_qa,5,28
open_qa,8,49
creative_writing,29,116
open_qa,18,22
open_qa,15,36
open_qa,7,270
open_qa,5,33
creative_writing,25,146
open_qa,7,99
open_qa,18,2
open_qa,16,22
open_qa,8,316
open_qa,11,128
open_qa,8,117
open_qa,6,34
open_qa,7,35
creative_writing,51,287
open_qa,10,82
creative_writing,8,382
open_qa,11,17
open_qa,12,31
open_qa,10,20
open_qa,9,67
open_qa,8,6
open_qa,6,61
open_qa,6,102
open_qa,7,5
open_qa,22,7
open_qa,13,12
creative_writing,14,339
open_qa,8,10
open_qa,17,21
open_qa,6,27
open_qa,9,52
open_qa,5,150
creative_writing,13,467
open_qa,8,233
open_qa,19,82
creative_writing,39,94
open_qa,12,54
open_qa,11,11
open_qa,9,18
open_qa,10,9
open_qa,8,24
open_qa,7,228
creative_writing,5,22
open_qa,12,54
open_qa,7,49
creative_writing,48,587
open_qa,11,17
open_qa,9,8
open_qa,7,58
open_qa,5,503
open_qa,9,9
creative_writing,17,975
open_qa,7,57
creative_writing,27,88
open_qa,4,45
open_qa,8,89
open_qa,7,105
creative_writing,19,235
open_qa,4,117
open_qa,13,19
open_qa,17,21
creative_writing,18,81
creative_writing,19,437
open_qa,6,15
open_qa,8,10
open_qa,9,25
open_qa,8,60
creative_writing,32,164
open_qa,20,222
open_qa,12,2
open_qa,11,368
open_qa,7,17
open_qa,12,93
open_qa,8,21
open_qa,10,57
creative_writing,9,193
open_qa,13,5
open_qa,11,130
creative_writing,39,213
open_qa,11,35
open_qa,5,28
open_qa,8,29
open_qa,7,72
open_qa,10,62
open_qa,6,52
open_qa,10,23
creative_writing,36,246
open_qa,10,31
open_qa,7,3
open_qa,9,4
open_qa,8,4
open_qa,7,5
open_qa,7,95
open_qa,7,7
open_qa,10,1
open_qa,9,227
open_qa,22,114
open_qa,6,69
creative_writing,9,592
creative_writing,20,24
open_qa,9,113
open_qa,13,45
open_qa,18,3
creative_writing,16,82
open_qa,12,11
open_qa,26,4
creative_writing,30,567
open_qa,14,27
creative_writing,13,19
open_qa,10,2
open_qa,12,42
open_qa,12,13
open_qa,17,19
open_qa,11,78
open_qa,9,35
open_qa,27,11
open_qa,10,4
open_qa,10,24
creative_writing,10,63
open_qa,8,71
open_qa,9,62
open_qa,4,38
creative_writing,16,72
open_qa,21,3
open_qa,5,117
open_qa,6,74
open_qa,9,8
open_qa,9,15
open_qa,11,24
open_qa,9,25
open_qa,11,24
open_qa,43,4
open_qa,12,263
open_qa,10,69
open_qa,13,14
open_qa,9,58
open_qa,5,35
open_qa,7,72
open_qa,41,10
creative_writing,12,1776
open_qa,16,10
open_qa,12,130
open_qa,8,55
open_qa,11,23
open_qa,7,42
open_qa,9,2
open_qa,6,97
creative_writing,7,236
open_qa,5,16
open_qa,9,67
open_qa,6,99
open_qa,7,81
open_qa,11,55
open_qa,8,63
open_qa,11,91
open_qa,12,131
open_qa,20,2
open_qa,12,3
open_qa,8,10
open_qa,7,160
open_qa,5,61
open_qa,11,1
open_qa,13,5
creative_writing,13,639
open_qa,7,42
open_qa,10,59
creative_writing,46,127
open_qa,8,17
open_qa,11,37
open_qa,9,18
creative_writing,15,68
open_qa,7,1
open_qa,7,92
open_qa,12,18
open_qa,9,50
open_qa,10,71
creative_writing,9,383
open_qa,10,109
open_qa,9,76
open_qa,6,80
creative_writing,15,163
open_qa,7,65
open_qa,15,42
open_qa,11,20
open_qa,14,69
open_qa,9,57
open_qa,5,135
open_qa,12,146
open_qa,19,36
open_qa,6,18
open_qa,10,181
open_qa,12,50
open_qa,6,155
open_qa,10,62
open_qa,20,10
open_qa,9,173
open_qa,10,33
open_qa,10,25
open_qa,6,25
open_qa,13,79
open_qa,12,62
creative_writing,8,299
open_qa,8,19
open_qa,6,99
creative_writing,22,188
open_qa,8,210
open_qa,8,1
open_qa,20,2
open_qa,10,55
open_qa,9,41
open_qa,14,8
open_qa,15,41
open_qa,7,72
open_qa,11,4
open_qa,10,8
open_qa,12,24
open_qa,8,49
open_qa,6,387
creative_writing,21,335
open_qa,25,54
creative_writing,21,89
open_qa,6,58
creative_writing,22,150
open_qa,11,46
open_qa,12,51
open_qa,9,4
creative_writing,3,89
open_qa,7,24
open_qa,9,226
creative_writing,17,168
open_qa,10,56
open_qa,9,14
open_qa,13,21
open_qa,11,13
open_qa,5,138
open_qa,6,122
creative_writing,10,187
open_qa,5,22
open_qa,10,11
open_qa,6,17
open_qa,8,42
open_qa,9,4
open_qa,25,216
open_qa,7,172
creative_writing,11,122
open_qa,5,18
open_qa,12,99
open_qa,9,102
open_qa,18,75
open_qa,6,23
open_qa,11,3
creative_writing,10,230
open_qa,7,105
open_qa,8,25
open_qa,10,78
open_qa,10,6
open_qa,11,41
creative_writing,16,108
creative_writing,12,118
open_qa,8,98
open_qa,11,63
open_qa,7,52
open_qa,23,22
open_qa,6,170
open_qa,7,141
open_qa,6,14
open_qa,8,31
creative_writing,11,177
open_qa,21,42
creative_writing,14,24
open_qa,9,174
open_qa,18,63
open_qa,9,8
open_qa,11,56
creative_writing,6,247
open_qa,13,84
open_qa,12,100
open_qa,6,80
open_qa,7,207
open_qa,10,159
open_qa,8,5
open_qa,7,79
open_qa,8,153
open_qa,19,36
open_qa,9,2
open_qa,7,97
open_qa,5,4
open_qa,4,14
creative_writing,48,300
creative_writing,44,148
creative_writing,25,87
open_qa,14,16
open_qa,12,14
open_qa,8,14
open_qa,11,70
open_qa,6,79
open_qa,6,68
open_qa,11,61
creative_writing,13,198
creative_writing,37,282
open_qa,6,48
creative_writing,26,892
open_qa,26,33
open_qa,12,8
open_qa,10,80
creative_writing,19,135
open_qa,5,68
open_qa,8,4
creative_writing,12,63
open_qa,11,37
open_qa,12,2
creative_writing,8,180
open_qa,6,35
open_qa,7,103
open_qa,5,22
open_qa,8,59
open_qa,15,467
open_qa,15,29
open_qa,4,23
open_qa,28,22
open_qa,8,21
open_qa,7,11
open_qa,10,3
open_qa,11,3
open_qa,11,38
open_qa,7,3
creative_writing,54,63
open_qa,12,56
open_qa,12,1
open_qa,13,119
creative_writing,19,1909
open_qa,11,56
open_qa,11,58
open_qa,11,14
open_qa,5,33
open_qa,13,2
open_qa,11,306
open_qa,13,2
open_qa,9,35
open_qa,10,24
open_qa,6,41
open_qa,7,7
open_qa,10,26
creative_writing,22,62
open_qa,13,122
creative_writing,8,49
creative_writing,11,138
open_qa,11,89
open_qa,10,20
open_qa,13,11
open_qa,5,23
open_qa,9,40
open_qa,18,13
open_qa,6,13
open_qa,12,32
open_qa,9,1
open_qa,7,10
open_qa,9,93
open_qa,23,4
open_qa,8,19
open_qa,7,242
open_qa,11,220
open_qa,8,97
open_qa,7,47
open_qa,11,137
creative_writing,11,85
open_qa,11,44
open_qa,17,7
open_qa,11,18
open_qa,5,53
open_qa,13,13
open_qa,6,81
open_qa,10,33
open_qa,5,343
open_qa,13,18
open_qa,7,89
open_qa,11,151
open_qa,9,27
open_qa,10,22
open_qa,5,1
open_qa,16,39
open_qa,10,77
creative_writing,8,167
open_qa,6,10
open_qa,6,59
open_qa,5,64
open_qa,13,10
open_qa,8,4
open_qa,11,242
open_qa,11,132
creative_writing,53,191
open_qa,11,10
open_qa,8,10
open_qa,5,10
creative_writing,10,115
open_qa,8,43
open_qa,7,2
open_qa,15,4
open_qa,11,2
open_qa,12,22
open_qa,7,101
open_qa,6,25
creative_writing,12,72
open_qa,11,46
open_qa,7,6
creative_writing,8,192
open_qa,10,159
open_qa,13,42
creative_writing,30,333
creative_writing,21,218
open_qa,11,30
open_qa,12,30
open_qa,11,44
open_qa,9,70
creative_writing,14,97
open_qa,10,11
creative_writing,8,122
open_qa,16,9
open_qa,12,14
creative_writing,14,86
creative_writing,36,345
open_qa,6,19
creative_writing,51,157
open_qa,10,26
open_qa,14,40
open_qa,9,28
open_qa,10,26
open_qa,24,203
open_qa,5,71
open_qa,7,18
open_qa,5,5
open_qa,10,38
open_qa,8,52
open_qa,9,23
open_qa,7,5
open_qa,9,11
open_qa,9,9
creative_writing,31,215
open_qa,6,2
open_qa,16,68
creative_writing,16,135
open_qa,29,31
open_qa,8,20
open_qa,18,18
creative_writing,8,774
open_qa,9,7
open_qa,11,13
open_qa,5,86
open_qa,5,7
open_qa,8,1891
open_qa,8,118
open_qa,13,14
creative_writing,6,47
creative_writing,17,81
open_qa,6,101
open_qa,9,34
open_qa,12,128
open_qa,11,23
open_qa,12,55
open_qa,7,19
open_qa,10,37
open_qa,14,2
open_qa,15,144
open_qa,8,27
open_qa,18,5
creative_writing,23,256
open_qa,8,50
open_qa,12,3
open_qa,6,108
creative_writing,23,181
open_qa,9,6
open_qa,9,13
open_qa,12,357
open_qa,16,404
open_qa,7,18
open_qa,8,52
open_qa,17,165
open_qa,22,30
open_qa,11,42
open_qa,6,37
open_qa,11,48
open_qa,8,117
open_qa,10,185
creative_writing,28,83
creative_writing,20,185
open_qa,5,73
open_qa,6,6
open_qa,12,15
open_qa,5,41
creative_writing,5,70
open_qa,7,244
open_qa,6,17
open_qa,8,66
open_qa,7,38
open_qa,6,55
open_qa,11,2
open_qa,8,8
open_qa,18,153
open_qa,6,97
creative_writing,7,75
open_qa,14,69
open_qa,6,289
open_qa,9,4
open_qa,26,7
open_qa,8,94
open_qa,15,10
open_qa,8,10
open_qa,5,123
creative_writing,8,760
open_qa,10,17
open_qa,4,59
open_qa,9,3
open_qa,8,10
open_qa,16,144
open_qa,4,74
open_qa,7,24
open_qa,9,314
open_qa,11,37
open_qa,16,203
open_qa,5,202
creative_writing,19,204
open_qa,15,43
open_qa,7,25
open_qa,7,9
open_qa,4,83
open_qa,11,15
open_qa,11,150
creative_writing,31,491
open_qa,8,3
open_qa,7,16
open_qa,14,18
open_qa,7,39
creative_writing,71,75
open_qa,12,21
creative_writing,17,16
open_qa,7,28
open_qa,25,94
open_qa,8,200
open_qa,5,14
open_qa,12,28
open_qa,12,15
open_qa,20,5
open_qa,14,5
open_qa,19,110
open_qa,7,14
open_qa,11,6
open_qa,9,13
open_qa,4,19
open_qa,8,27
open_qa,10,119
open_qa,6,25
creative_writing,9,202
creative_writing,15,471
open_qa,7,79
open_qa,13,35
creative_writing,7,18
open_qa,7,22
open_qa,12,3
open_qa,7,103
open_qa,12,15
open_qa,7,269
creative_writing,48,142
open_qa,13,5
open_qa,6,12
open_qa,8,73
open_qa,9,3
open_qa,9,71
open_qa,6,97
open_qa,5,13
open_qa,9,136
open_qa,14,129
open_qa,8,4
open_qa,9,72
open_qa,8,21
open_qa,5,94
open_qa,13,133
open_qa,8,7
open_qa,6,2
open_qa,11,6
open_qa,10,73
open_qa,12,21
creative_writing,24,163
creative_writing,13,157
open_qa,13,55
open_qa,17,6
open_qa,12,18
open_qa,8,2
open_qa,5,87
open_qa,8,8
creative_writing,43,122
open_qa,14,82
open_qa,13,129
open_qa,12,64
creative_writing,11,137
open_qa,13,115
open_qa,13,32
open_qa,10,101
creative_writing,79,194
open_qa,6,28
open_qa,4,17
open_qa,7,10
open_qa,15,23
open_qa,5,94
open_qa,9,32
creative_writing,14,155
open_qa,14,23
open_qa,8,46
open_qa,9,56
open_qa,14,37
open_qa,6,130
open_qa,9,57
open_qa,6,57
open_qa,10,74
open_qa,12,91
creative_writing,12,117
creative_writing,8,121
open_qa,11,112
open_qa,15,79
open_qa,9,36
open_qa,11,26
open_qa,6,88
open_qa,16,5
open_qa,5,254
open_qa,15,189
creative_writing,16,195
open_qa,8,39
open_qa,8,162
open_qa,9,351
open_qa,5,28
open_qa,5,182
open_qa,9,69
open_qa,6,46
open_qa,5,67
open_qa,7,98
creative_writing,8,104
open_qa,6,42
open_qa,10,827
open_qa,39,104
open_qa,8,57
open_qa,45,74
open_qa,9,40
open_qa,6,12
open_qa,9,328
open_qa,9,20
creative_writing,8,170
open_qa,8,9
open_qa,9,531
open_qa,11,11
open_qa,23,8
open_qa,10,21
open_qa,6,152
open_qa,16,4
creative_writing,14,132
open_qa,14,4
open_qa,7,15
creative_writing,23,383
open_qa,11,29
open_qa,5,89
open_qa,17,14
open_qa,16,111
open_qa,5,52
open_qa,17,39
open_qa,7,4
open_qa,7,6
open_qa,8,142
creative_writing,13,83
open_qa,11,50
open_qa,9,12
creative_writing,33,180
open_qa,8,32
open_qa,18,28
creative_writing,20,311
open_qa,15,27
open_qa,5,22
open_qa,14,72
open_qa,9,14
open_qa,10,11
creative_writing,9,112
open_qa,15,5
open_qa,9,96
open_qa,17,212
open_qa,19,4
creative_writing,19,191
open_qa,13,3
open_qa,8,399
open_qa,5,28
open_qa,5,53
open_qa,10,250
open_qa,7,443
open_qa,18,13
open_qa,10,1
open_qa,11,1
open_qa,5,25
open_qa,11,5
open_qa,27,87
open_qa,5,44
open_qa,4,181
open_qa,11,13
open_qa,6,6
creative_writing,9,92
open_qa,11,55
open_qa,26,58
open_qa,9,21
open_qa,10,128
creative_writing,20,391
open_qa,6,108
open_qa,15,160
creative_writing,17,240
open_qa,5,63
open_qa,5,21
open_qa,9,32
open_qa,10,12
open_qa,8,279
open_qa,8,71
open_qa,11,2
creative_writing,12,59
open_qa,13,14
open_qa,6,1
open_qa,11,66
open_qa,14,13
open_qa,14,18
open_qa,9,35
open_qa,15,11
open_qa,6,34
open_qa,18,12
open_qa,5,88
open_qa,9,1
open_qa,9,65
open_qa,11,4
open_qa,6,79
open_qa,11,105
open_qa,14,6
open_qa,5,41
open_qa,13,126
open_qa,6,68
open_qa,17,247
open_qa,7,3
creative_writing,22,113
open_qa,19,4
open_qa,11,19
open_qa,15,20
open_qa,7,81
open_qa,14,8
open_qa,5,26
open_qa,6,175
open_qa,10,61
creative_writing,10,36
open_qa,14,179
open_qa,8,110
creative_writing,10,19
open_qa,4,60
creative_writing,18,250
open_qa,7,123
open_qa,13,7
creative_writing,8,96
creative_writing,43,174
open_qa,14,11
open_qa,11,8
open_qa,8,103
open_qa,12,13
open_qa,10,23
open_qa,11,241
creative_writing,8,99
open_qa,14,25
open_qa,11,24
open_qa,10,361
open_qa,8,48
open_qa,7,102
open_qa,27,16
open_qa,7,31
open_qa,9,109
creative_writing,12,338
creative_writing,30,56
creative_writing,26,381
open_qa,11,109
open_qa,7,121
open_qa,7,4
open_qa,12,61
creative_writing,9,68
open_qa,12,19
open_qa,7,37
open_qa,10,101
open_qa,12,17
open_qa,11,40
open_qa,10,21
open_qa,9,9
creative_writing,31,172
open_qa,31,68
creative_writing,15,176
open_qa,6,56
open_qa,20,59
open_qa,11,18
open_qa,10,10
open_qa,11,1
open_qa,10,12
open_qa,11,23
open_qa,11,10
open_qa,9,8
open_qa,7,116
open_qa,11,6
creative_writing,13,314
open_qa,6,204
open_qa,7,9
open_qa,9,60
open_qa,9,33
open_qa,15,249
open_qa,12,10
open_qa,16,21
open_qa,5,158
open_qa,8,16
open_qa,11,13
open_qa,7,6
open_qa,16,4
open_qa,5,47
open_qa,7,84
open_qa,16,21
creative_writing,16,369
open_qa,11,66
creative_writing,9,111
creative_writing,10,900
open_qa,17,64
creative_writing,15,187
open_qa,10,55
open_qa,8,105
open_qa,6,192
open_qa,11,62
open_qa,24,74
open_qa,18,64
open_qa,13,66
open_qa,13,107
creative_writing,23,305
open_qa,9,10
open_qa,8,158
open_qa,10,16
open_qa,6,75
open_qa,14,36
open_qa,6,54
open_qa,10,44
creative_writing,5,82
open_qa,9,1
open_qa,15,102
open_qa,14,8
open_qa,14,9
creative_writing,14,110
creative_writing,8,109
open_qa,10,36
creative_writing,13,323
open_qa,8,10
open_qa,6,55
open_qa,11,101
open_qa,7,324
open_qa,11,39
open_qa,5,58
open_qa,19,28
creative_writing,6,117
open_qa,20,24
open_qa,9,21
open_qa,6,51
open_qa,5,18
open_qa,17,338
open_qa,7,14
open_qa,12,38
creative_writing,73,1601
open_qa,9,118
open_qa,14,39
open_qa,8,2
creative_writing,38,138
open_qa,6,68
open_qa,6,18
creative_writing,58,109
open_qa,28,56
open_qa,18,38
open_qa,6,32
open_qa,13,48
open_qa,10,5
creative_writing,11,91
open_qa,8,79
open_qa,10,66
open_qa,17,41
open_qa,6,68
open_qa,15,75
open_qa,6,40
open_qa,7,41
open_qa,16,26
open_qa,10,46
open_qa,12,61
open_qa,13,10
open_qa,5,197
open_qa,11,59
open_qa,12,14
open_qa,9,162
creative_writing,9,219
open_qa,5,23
creative_writing,14,71
open_qa,8,9
open_qa,13,11
open_qa,10,154
open_qa,12,84
open_qa,9,292
creative_writing,9,81
open_qa,9,210
open_qa,9,4
open_qa,16,1
open_qa,4,12
open_qa,6,75
open_qa,12,60
open_qa,11,144
open_qa,4,138
creative_writing,5,391
open_qa,8,241
open_qa,10,3
creative_writing,13,292
open_qa,5,26
open_qa,13,37
open_qa,5,1
open_qa,10,26
open_qa,15,125
creative_writing,8,64
open_qa,20,5
open_qa,6,71
open_qa,9,41
creative_writing,12,193
open_qa,21,317
open_qa,19,54
open_qa,5,23
open_qa,7,6
open_qa,6,41
open_qa,35,40
open_qa,8,26
open_qa,16,12
open_qa,10,30
open_qa,6,100
open_qa,10,5
open_qa,11,11
open_qa,9,10
creative_writing,12,705
open_qa,6,92
open_qa,10,39
open_qa,11,5
open_qa,7,131
open_qa,7,25
open_qa,7,79
open_qa,13,293
open_qa,13,37
open_qa,13,27
open_qa,5,74
open_qa,6,73
open_qa,11,39
creative_writing,10,69
open_qa,8,64
creative_writing,25,451
open_qa,9,6
open_qa,25,95
open_qa,15,18
open_qa,8,72
open_qa,9,99
open_qa,17,161
creative_writing,178,681
creative_writing,29,154
open_qa,8,46
open_qa,11,57
open_qa,9,58
open_qa,13,25
open_qa,16,16
open_qa,4,81
open_qa,10,59
open_qa,12,18
open_qa,8,63
open_qa,11,22
open_qa,11,43
open_qa,11,135
open_qa,12,10
open_qa,5,61
creative_writing,34,725
open_qa,10,45
open_qa,5,39
open_qa,5,74
creative_writing,18,328
creative_writing,6,91
open_qa,11,34
open_qa,8,230
open_qa,6,79
open_qa,14,47
open_qa,7,50
creative_writing,18,254
open_qa,5,3
open_qa,13,133
open_qa,6,37
open_qa,5,11
creative_writing,36,424
open_qa,9,11
open_qa,13,52
open_qa,4,108
open_qa,12,163
open_qa,12,30
open_qa,14,24
open_qa,6,194
open_qa,13,30
open_qa,11,3
open_qa,6,34
open_qa,11,60
open_qa,6,114
open_qa,8,31
open_qa,7,92
open_qa,12,19
creative_writing,18,47
creative_writing,11,165
creative_writing,18,81
open_qa,12,17
open_qa,34,119
creative_writing,54,262
open_qa,5,106
open_qa,7,107
open_qa,8,8
open_qa,7,41
creative_writing,2,1
open_qa,7,63
open_qa,7,48
open_qa,5,1
creative_writing,8,363
open_qa,10,64
open_qa,7,43
open_qa,5,64
open_qa,9,8
open_qa,5,16
creative_writing,58,389
open_qa,7,15
open_qa,15,67
open_qa,14,2
open_qa,20,59
open_qa,19,159
open_qa,8,22
open_qa,12,40
creative_writing,27,216
open_qa,10,4
creative_writing,37,96
open_qa,7,24
creative_writing,17,253
creative_writing,11,94
open_qa,17,4
open_qa,18,24
open_qa,6,24
open_qa,11,4
open_qa,6,148
creative_writing,14,21
open_qa,8,53
open_qa,8,36
open_qa,4,47
creative_writing,11,373
open_qa,10,42
open_qa,10,5
open_qa,8,35
creative_writing,29,20
open_qa,14,2
open_qa,10,1
open_qa,4,50
open_qa,16,15
open_qa,6,107
open_qa,7,59
open_qa,8,70
open_qa,10,1
open_qa,13,50
open_qa,13,3
open_qa,5,58
open_qa,16,20
open_qa,11,58
open_qa,7,5
open_qa,19,22
creative_writing,17,223
open_qa,8,311
open_qa,5,63
creative_writing,20,216
creative_writing,14,1736
open_qa,7,94
open_qa,6,18
open_qa,21,176
open_qa,14,2
open_qa,6,21
open_qa,11,21
open_qa,9,19
creative_writing,12,150
open_qa,7,114
open_qa,4,38
creative_writing,38,35
open_qa,15,17
open_qa,32,73
open_qa,5,68
open_qa,8,16
open_qa,19,20
creative_writing,6,94
open_qa,7,33
open_qa,11,30
open_qa,9,57
creative_writing,12,106
open_qa,18,22
open_qa,5,22
open_qa,9,285
open_qa,13,56
open_qa,11,14
open_qa,11,101
open_qa,16,60
open_qa,6,32
open_qa,8,4
open_qa,5,34
open_qa,12,3
open_qa,9,46
creative_writing,16,111
open_qa,18,2
open_qa,5,49
open_qa,6,87
open_qa,10,25
open_qa,7,51
open_qa,19,11
creative_writing,29,112
creative_writing,5,416
open_qa,12,91
creative_writing,9,15
open_qa,7,98
open_qa,7,193
open_qa,20,11
open_qa,14,33
creative_writing,14,128
open_qa,5,90
open_qa,15,2
open_qa,9,126
open_qa,5,138
creative_writing,10,91
open_qa,10,86
open_qa,12,99
creative_writing,50,272
open_qa,12,341
open_qa,10,56
open_qa,7,203
open_qa,6,169
open_qa,6,193
open_qa,10,53
open_qa,9,528
open_qa,6,41
creative_writing,12,88
open_qa,5,79
open_qa,9,11
creative_writing,5,9
open_qa,11,3
open_qa,10,12
open_qa,15,76
open_qa,11,19
open_qa,8,58
open_qa,10,40
open_qa,5,61
open_qa,8,1
open_qa,8,48
creative_writing,9,460
open_qa,10,83
creative_writing,13,616
open_qa,8,111
open_qa,11,35
creative_writing,4,48
open_qa,11,29
open_qa,7,195
open_qa,11,32
open_qa,6,113
creative_writing,9,437
open_qa,21,20
open_qa,8,3
creative_writing,72,118
open_qa,6,44
open_qa,17,5
open_qa,14,111
open_qa,5,24
open_qa,8,413
open_qa,18,75
creative_writing,48,50
open_qa,5,103
open_qa,5,77
open_qa,14,57
open_qa,5,13
creative_writing,11,206
open_qa,9,26
open_qa,12,16
open_qa,12,6
open_qa,11,110
open_qa,12,206
open_qa,5,73
open_qa,12,17
open_qa,8,34
open_qa,12,49
creative_writing,13,179
open_qa,7,25
open_qa,12,7
open_qa,12,8
open_qa,13,334
open_qa,11,364
open_qa,8,8
open_qa,20,26
open_qa,10,17
open_qa,10,12
open_qa,14,3
creative_writing,12,105
open_qa,18,204
open_qa,15,3
open_qa,8,23
open_qa,17,13
open_qa,6,75
open_qa,12,3
open_qa,10,48
open_qa,6,51
open_qa,8,43
open_qa,11,17
open_qa,9,12
creative_writing,14,79
creative_writing,13,233
open_qa,7,51
open_qa,5,48
open_qa,8,3
open_qa,12,93
open_qa,11,69
open_qa,6,94
open_qa,13,269
open_qa,11,4
open_qa,8,13
open_qa,6,58
open_qa,15,7
open_qa,30,2
open_qa,12,61
open_qa,8,3
open_qa,12,88
open_qa,8,42
open_qa,8,229
creative_writing,20,365
open_qa,11,26
open_qa,15,10
open_qa,14,3
creative_writing,7,48
open_qa,18,4
creative_writing,4,113
open_qa,4,43
creative_writing,16,243
creative_writing,6,22
open_qa,7,50
open_qa,8,142
open_qa,5,5
open_qa,8,67
open_qa,19,5
open_qa,18,185
open_qa,27,8
open_qa,9,59
open_qa,15,27
creative_writing,12,80
open_qa,15,6
open_qa,13,22
open_qa,8,2
open_qa,8,21
open_qa,6,117
open_qa,10,24
creative_writing,10,34
open_qa,6,46
creative_writing,11,301
open_qa,10,53
open_qa,6,136
open_qa,12,15
open_qa,9,106
open_qa,5,1
creative_writing,8,140
open_qa,10,25
open_qa,7,55
creative_writing,11,101
open_qa,10,17
open_qa,32,503
creative_writing,25,173
open_qa,10,21
open_qa,6,21
open_qa,7,568
open_qa,11,17
open_qa,16,5
creative_writing,4,316
open_qa,13,23
open_qa,5,19
open_qa,5,121
open_qa,7,21
open_qa,8,133
creative_writing,19,124
creative_writing,19,99
open_qa,8,43
open_qa,15,24
open_qa,11,54
open_qa,7,4
open_qa,4,207
open_qa,12,11
open_qa,6,8
open_qa,11,85
open_qa,14,86
open_qa,10,150
open_qa,12,114
creative_writing,32,136
open_qa,11,12
open_qa,9,52
open_qa,7,20
open_qa,10,7
open_qa,7,3
open_qa,8,118
open_qa,11,218
open_qa,7,35
open_qa,12,15
open_qa,5,81
open_qa,9,67
open_qa,7,23
creative_writing,9,123
open_qa,11,28
open_qa,20,91
open_qa,12,36
creative_writing,19,92
open_qa,14,3
open_qa,4,14
open_qa,8,13
open_qa,11,16
open_qa,5,77
open_qa,5,22
open_qa,9,123
creative_writing,34,184
open_qa,6,6
open_qa,9,14
open_qa,10,87
open_qa,15,73
creative_writing,51,78
open_qa,7,10
open_qa,6,140
open_qa,14,31
open_qa,6,119
open_qa,7,90
creative_writing,25,646
creative_writing,13,1397
creative_writing,23,987
open_qa,6,94
open_qa,6,118
open_qa,4,86
creative_writing,25,617
open_qa,10,246
open_qa,10,142
open_qa,10,215
open_qa,9,64
open_qa,13,4
open_qa,12,28
open_qa,12,63
open_qa,15,14
creative_writing,11,89
open_qa,20,5
open_qa,8,7
creative_writing,12,184
open_qa,10,45
open_qa,8,102
open_qa,4,52
open_qa,9,3
open_qa,11,184
open_qa,9,35
open_qa,6,198
open_qa,7,35
open_qa,11,1
creative_writing,10,175
open_qa,11,69
open_qa,8,18
open_qa,13,213
open_qa,8,6
open_qa,8,29
open_qa,20,14
open_qa,10,19
open_qa,15,288
open_qa,6,1
open_qa,5,35
creative_writing,8,258
creative_writing,7,50
open_qa,16,2
open_qa,8,174
open_qa,8,14
open_qa,7,9
open_qa,11,68
open_qa,6,2
open_qa,9,2
open_qa,8,95
open_qa,10,26
open_qa,14,21
open_qa,15,5
creative_writing,10,200
open_qa,10,3
open_qa,12,24
open_qa,11,56
creative_writing,27,1023
creative_writing,12,378
creative_writing,43,455
open_qa,11,13
open_qa,15,18
open_qa,9,3
open_qa,9,120
open_qa,8,34
creative_writing,33,214
open_qa,7,17
open_qa,12,20
open_qa,9,38
open_qa,11,10
open_qa,6,43
open_qa,16,3
open_qa,7,3
open_qa,9,23
open_qa,13,73
open_qa,17,4
open_qa,9,163
open_qa,11,115
open_qa,4,69
open_qa,6,10
open_qa,11,2
open_qa,6,69
open_qa,17,144
open_qa,8,46
creative_writing,19,160
open_qa,7,149
open_qa,10,12
open_qa,17,27
creative_writing,22,433
creative_writing,18,293
open_qa,7,1
open_qa,8,75
open_qa,7,5
open_qa,19,17
open_qa,8,144
creative_writing,38,430
open_qa,12,3
open_qa,4,24
creative_writing,12,153
open_qa,17,3
open_qa,10,12
creative_writing,39,496
open_qa,17,49
open_qa,5,2
open_qa,5,113
creative_writing,8,297
open_qa,11,37
open_qa,9,12
open_qa,6,195
open_qa,9,19
open_qa,6,93
creative_writing,55,312
open_qa,12,4
open_qa,12,2
creative_writing,12,63
open_qa,14,159
open_qa,12,67
open_qa,7,18
open_qa,12,130
open_qa,7,46
open_qa,10,87
open_qa,10,51
open_qa,9,38
creative_writing,17,109
open_qa,6,42
open_qa,8,21
creative_writing,22,491
open_qa,8,25
open_qa,10,30
open_qa,10,25
open_qa,9,79
open_qa,9,33
open_qa,4,66
open_qa,8,3
creative_writing,16,125
open_qa,9,1
open_qa,10,55
open_qa,11,40
open_qa,22,6
open_qa,8,89
open_qa,11,53
open_qa,10,23
open_qa,13,50
open_qa,4,25
open_qa,12,85
open_qa,12,56
creative_writing,6,275
creative_writing,44,399
open_qa,5,267
open_qa,19,3
creative_writing,6,618
open_qa,5,42
open_qa,12,141
open_qa,12,55
open_qa,6,195
open_qa,9,69
open_qa,8,3
open_qa,14,14
creative_writing,12,125
creative_writing,29,128
open_qa,8,97
open_qa,18,142
open_qa,13,33
open_qa,5,57
open_qa,6,3
creative_writing,7,107
open_qa,14,6
creative_writing,7,241
open_qa,10,75
open_qa,12,3
open_qa,14,121
open_qa,7,1
open_qa,15,18
open_qa,7,134
open_qa,10,448
open_qa,6,89
open_qa,10,215
open_qa,13,10
open_qa,6,67
open_qa,16,4
open_qa,16,31
open_qa,8,5
creative_writing,6,71
open_qa,5,203
open_qa,17,31
open_qa,6,5
open_qa,6,69
open_qa,12,46
open_qa,10,139
open_qa,12,3
open_qa,8,34
open_qa,6,37
creative_writing,23,93
open_qa,11,120
open_qa,5,71
open_qa,8,27
open_qa,12,8
open_qa,22,41
creative_writing,12,107
open_qa,14,107
creative_writing,46,1089
open_qa,9,6
creative_writing,20,876
open_qa,11,10
creative_writing,34,83
open_qa,7,10
open_qa,17,3
open_qa,7,11
open_qa,9,13
open_qa,16,21
open_qa,13,67
open_qa,8,28
creative_writing,12,79
open_qa,10,9
open_qa,7,27
creative_writing,29,186
open_qa,7,89
open_qa,11,15
open_qa,8,23
open_qa,8,61
open_qa,8,50
open_qa,11,4
open_qa,13,26
open_qa,7,321
creative_writing,16,138
open_qa,15,18
open_qa,10,166
creative_writing,19,213
creative_writing,55,288
creative_writing,28,125
open_qa,7,103
open_qa,9,221
open_qa,10,28
open_qa,7,84
open_qa,13,4
creative_writing,12,212
open_qa,16,131
creative_writing,7,39
open_qa,8,14
open_qa,11,6
creative_writing,16,53
open_qa,10,126
open_qa,11,49
open_qa,12,44
open_qa,6,53
open_qa,6,28
open_qa,8,34
open_qa,15,12
open_qa,5,83
open_qa,7,70
open_qa,4,56
open_qa,11,54
open_qa,7,51
open_qa,13,15
creative_writing,14,258
open_qa,6,28
open_qa,7,33
open_qa,9,7
open_qa,6,65
open_qa,7,13
open_qa,17,26
open_qa,7,44
open_qa,6,81
open_qa,20,1
open_qa,12,21
open_qa,10,158
open_qa,7,48
open_qa,4,18
open_qa,6,25
open_qa,12,25
open_qa,5,3
open_qa,13,43
open_qa,7,54
creative_writing,12,212
open_qa,14,36
open_qa,11,80
open_qa,12,6
creative_writing,29,247
creative_writing,11,174
open_qa,9,10
open_qa,9,3
open_qa,5,22
open_qa,11,20
open_qa,15,32
open_qa,11,13
open_qa,7,99
open_qa,7,222
creative_writing,14,171
open_qa,19,4
open_qa,11,57
open_qa,8,133
open_qa,11,49
creative_writing,29,131
open_qa,7,3
creative_writing,18,189
open_qa,12,66
open_qa,16,180
open_qa,6,98
open_qa,6,15
creative_writing,4,476
creative_writing,25,384
open_qa,5,13
creative_writing,8,722
open_qa,9,131
open_qa,10,62
open_qa,8,263
open_qa,6,109
open_qa,20,18
open_qa,10,37
open_qa,6,16
open_qa,12,23
open_qa,9,92
open_qa,11,4
open_qa,18,113
open_qa,12,14
creative_writing,14,97
open_qa,7,3
creative_writing,10,143
open_qa,12,22
open_qa,9,5
open_qa,5,242
open_qa,8,1
open_qa,11,17
creative_writing,8,335
open_qa,11,91
open_qa,8,74
open_qa,7,10
creative_writing,11,147
open_qa,10,7
open_qa,11,1
open_qa,10,18
open_qa,9,74
creative_writing,6,100
open_qa,5,73
open_qa,11,29
creative_writing,16,133
open_qa,8,68
open_qa,5,436
creative_writing,17,487
open_qa,9,23
open_qa,8,1
open_qa,7,3
creative_writing,38,2091
creative_writing,8,424
open_qa,15,13
open_qa,11,129
open_qa,9,11
open_qa,12,124
open_qa,10,1
open_qa,10,7
open_qa,8,16
open_qa,10,2
creative_writing,11,148
open_qa,9,142
open_qa,9,24
open_qa,7,110
open_qa,7,218
open_qa,5,62
open_qa,10,37
open_qa,15,4
open_qa,8,2
open_qa,10,1
open_qa,9,9
open_qa,9,8
creative_writing,17,222
open_qa,7,23
creative_writing,18,106
creative_writing,10,89
creative_writing,10,17
open_qa,7,10
open_qa,7,25
creative_writing,17,181
open_qa,7,5
open_qa,7,110
open_qa,15,43
open_qa,15,5
open_qa,9,67
open_qa,5,23
open_qa,10,82
open_qa,8,18
open_qa,6,147
creative_writing,15,161
open_qa,14,18
open_qa,9,47
creative_writing,14,402
open_qa,6,81
open_qa,6,87
open_qa,8,3
open_qa,11,263
open_qa,6,61
open_qa,13,2
open_qa,13,122
open_qa,8,241
open_qa,12,163
open_qa,9,31
creative_writing,24,374
open_qa,11,105
open_qa,10,22
open_qa,8,33
open_qa,8,174
open_qa,13,115
creative_writing,28,129
open_qa,9,5
open_qa,9,101
creative_writing,33,70
open_qa,4,137
open_qa,21,94
open_qa,10,10
open_qa,5,57
open_qa,12,18
open_qa,11,42
open_qa,12,1657
creative_writing,14,102
open_qa,12,3
open_qa,9,13
open_qa,6,16
creative_writing,9,276
open_qa,12,155
creative_writing,16,115
open_qa,14,7
open_qa,12,15
open_qa,5,22
open_qa,10,6
creative_writing,6,80
open_qa,16,4
creative_writing,1,1
open_qa,10,24
open_qa,13,16
open_qa,11,82
open_qa,9,28
open_qa,10,7
creative_writing,9,226
creative_writing,8,58
open_qa,6,3
creative_writing,19,142
open_qa,9,9
creative_writing,33,115
open_qa,8,154
open_qa,22,14
open_qa,7,12
open_qa,7,83
open_qa,10,11
open_qa,7,43
open_qa,6,71
creative_writing,15,1556
open_qa,11,7
open_qa,7,19
open_qa,12,83
open_qa,11,22
open_qa,9,42
open_qa,11,135
creative_writing,10,66
open_qa,9,3
open_qa,10,5
creative_writing,42,106
open_qa,11,964
open_qa,12,72
open_qa,11,28
open_qa,7,40
open_qa,10,26
open_qa,7,52
open_qa,8,92
open_qa,7,36
open_qa,6,46
open_qa,11,1
creative_writing,8,696
open_qa,9,83
creative_writing,10,437
open_qa,11,90
open_qa,10,92
open_qa,13,12
open_qa,11,24
open_qa,7,24
open_qa,9,3
open_qa,11,12
open_qa,19,4
creative_writing,9,88
open_qa,15,20
open_qa,8,87
open_qa,8,11
open_qa,12,32
open_qa,7,26
open_qa,12,3
open_qa,12,36
open_qa,10,132
open_qa,16,243
open_qa,12,36
open_qa,12,16
open_qa,17,4
open_qa,5,23
open_qa,6,238
open_qa,10,33
open_qa,10,45
open_qa,11,16
open_qa,12,3
open_qa,12,172
open_qa,9,6
creative_writing,5,64
open_qa,9,5
open_qa,10,67
open_qa,10,21
creative_writing,13,413
creative_writing,28,197
open_qa,18,5
open_qa,6,15
open_qa,8,52
open_qa,11,40
creative_writing,32,263
open_qa,9,92
open_qa,13,33
open_qa,11,22
open_qa,8,23
open_qa,8,495
open_qa,13,29
open_qa,5,12
open_qa,12,232
open_qa,7,22
open_qa,7,89
open_qa,14,14
open_qa,18,3
open_qa,11,93
open_qa,8,61
open_qa,12,10
open_qa,5,317
open_qa,15,26
open_qa,7,109
open_qa,9,22
open_qa,11,84
open_qa,12,5
open_qa,21,6
open_qa,4,26
open_qa,12,73
open_qa,18,6
open_qa,9,34
open_qa,19,24
open_qa,6,63
open_qa,4,32
open_qa,13,109
open_qa,5,130
creative_writing,17,125
creative_writing,10,234
open_qa,21,55
creative_writing,11,284
open_qa,13,396
open_qa,11,75
open_qa,10,7
open_qa,10,30
creative_writing,26,218
creative_writing,16,134
open_qa,17,158
open_qa,11,69
open_qa,14,24
open_qa,23,50
open_qa,10,16
open_qa,5,70
open_qa,17,30
open_qa,6,71
creative_writing,28,480
open_qa,4,83
creative_writing,4,32
creative_writing,11,101
creative_writing,65,256
open_qa,6,61
open_qa,30,59
open_qa,11,74
open_qa,6,38
open_qa,6,108
open_qa,7,30
open_qa,6,46
open_qa,10,203
open_qa,10,2
creative_writing,66,68
open_qa,9,11
creative_writing,8,113
creative_writing,10,139
open_qa,12,39
creative_writing,11,33
open_qa,6,109
open_qa,14,15
open_qa,12,12
open_qa,9,70
open_qa,10,36
open_qa,15,82
open_qa,7,37
open_qa,5,37
creative_writing,18,142
creative_writing,44,199
open_qa,14,25
creative_writing,26,88
open_qa,10,171
open_qa,9,9
open_qa,24,9
open_qa,9,3
open_qa,11,2
creative_writing,7,700
open_qa,5,62
open_qa,11,108
open_qa,11,42
open_qa,6,50
creative_writing,19,332
open_qa,15,5
creative_writing,13,150
open_qa,10,95
open_qa,14,130
open_qa,11,6
open_qa,7,192
open_qa,9,3
open_qa,13,23
open_qa,10,16
open_qa,9,25
open_qa,8,113
open_qa,17,90
creative_writing,11,295
open_qa,11,13
open_qa,8,174
creative_writing,18,220
open_qa,14,13
open_qa,13,12
open_qa,10,31
open_qa,10,105
open_qa,8,33
open_qa,7,88
creative_writing,24,110
open_qa,12,30
open_qa,9,7
creative_writing,8,11
open_qa,8,62
open_qa,5,16
open_qa,7,55
open_qa,5,144
open_qa,15,24
open_qa,9,192
open_qa,4,54
open_qa,10,22
open_qa,19,22
open_qa,4,56
open_qa,8,73
open_qa,9,10
open_qa,5,114
open_qa,6,91
open_qa,4,109
open_qa,6,17
open_qa,8,138
creative_writing,13,439
creative_writing,21,170
open_qa,14,25
open_qa,14,30
creative_writing,20,153
creative_writing,13,112
open_qa,14,427
open_qa,9,30
open_qa,15,13
open_qa,14,109
creative_writing,21,181
open_qa,8,31
creative_writing,18,560
open_qa,15,126
open_qa,7,68
open_qa,5,150
open_qa,13,27
open_qa,5,97
open_qa,4,42
open_qa,6,2
creative_writing,22,562
open_qa,7,6
creative_writing,15,75
open_qa,5,72
open_qa,15,223
open_qa,6,168
open_qa,12,20
open_qa,11,11
open_qa,13,3
open_qa,8,22
creative_writing,24,198
open_qa,15,17
open_qa,5,5
open_qa,12,7
open_qa,8,6
open_qa,10,10
open_qa,7,94
open_qa,6,71
open_qa,9,3
open_qa,8,128
open_qa,7,139
open_qa,12,136
open_qa,8,100
open_qa,12,54
open_qa,8,26
open_qa,11,24
open_qa,6,5
open_qa,9,134
open_qa,19,45
open_qa,12,3
open_qa,19,49
open_qa,10,26
open_qa,12,29
open_qa,12,80
open_qa,13,2
open_qa,12,69
open_qa,8,3
open_qa,6,101
open_qa,7,40
creative_writing,12,38
open_qa,7,32
open_qa,9,106
open_qa,8,202
open_qa,8,65
creative_writing,16,136
open_qa,6,195
open_qa,9,5
open_qa,22,17
open_qa,10,93
open_qa,8,60
open_qa,18,14
open_qa,14,21
open_qa,9,81
open_qa,7,3
open_qa,9,11
open_qa,7,102
open_qa,15,11
creative_writing,24,80
open_qa,7,4
creative_writing,15,89
open_qa,8,7
open_qa,14,3
creative_writing,6,85
open_qa,17,110
open_qa,9,50
open_qa,10,35
open_qa,10,59
open_qa,6,89
open_qa,7,98
open_qa,11,58
open_qa,6,50
open_qa,7,21
open_qa,6,317
open_qa,12,117
open_qa,13,1
creative_writing,17,57
open_qa,6,71
open_qa,8,15
open_qa,8,37
open_qa,8,21
open_qa,10,10
open_qa,12,15
open_qa,12,22
open_qa,29,76
creative_writing,45,254
open_qa,11,118
open_qa,11,99
open_qa,8,34
creative_writing,19,91
open_qa,7,218
open_qa,10,21
open_qa,10,107
open_qa,5,397
open_qa,49,105
open_qa,10,56
creative_writing,19,312
open_qa,11,1
open_qa,12,617
open_qa,11,13
open_qa,13,2
open_qa,8,87
open_qa,9,14
open_qa,6,37
open_qa,9,3
open_qa,9,83
open_qa,5,283
open_qa,9,45
open_qa,8,23
open_qa,7,41
open_qa,19,2
open_qa,14,17
creative_writing,16,164
open_qa,13,4
open_qa,17,6
open_qa,12,79
open_qa,11,85
open_qa,10,1
open_qa,7,64
open_qa,8,19
open_qa,8,6
open_qa,11,94
open_qa,9,26
open_qa,9,15
open_qa,12,14
open_qa,8,1
open_qa,11,28
open_qa,11,2
open_qa,6,47
open_qa,10,170
open_qa,10,56
open_qa,7,3
open_qa,10,113
open_qa,14,49
open_qa,7,31
open_qa,8,5
open_qa,9,116
open_qa,34,20
open_qa,6,96
open_qa,16,19
open_qa,10,6
open_qa,10,2
open_qa,8,10
creative_writing,14,155
creative_writing,20,146
open_qa,9,84
open_qa,8,22
open_qa,13,37
open_qa,6,122
creative_writing,7,181
creative_writing,15,140
open_qa,15,21
open_qa,14,59
open_qa,10,4
open_qa,12,13
open_qa,8,10
open_qa,8,270
open_qa,16,9
open_qa,9,9
open_qa,9,5
open_qa,8,65
open_qa,9,28
open_qa,10,5
open_qa,8,59
open_qa,8,45
creative_writing,13,460
open_qa,9,98
open_qa,9,71
open_qa,10,19
open_qa,10,24
open_qa,9,5
open_qa,7,186
open_qa,29,47
creative_writing,37,674
open_qa,10,152
open_qa,16,29
open_qa,6,76
open_qa,6,12
open_qa,5,47
open_qa,19,12
open_qa,9,28
open_qa,7,21
open_qa,5,26
open_qa,10,6
open_qa,8,4
open_qa,7,17
open_qa,7,18
open_qa,10,2
creative_writing,8,127
creative_writing,10,42
open_qa,5,98
open_qa,19,6
open_qa,10,4
creative_writing,21,263
open_qa,9,15
creative_writing,24,185
creative_writing,12,121
open_qa,15,78
open_qa,7,18
open_qa,6,94
open_qa,6,5
open_qa,8,86
open_qa,18,13
open_qa,26,27
open_qa,10,64
open_qa,9,7
open_qa,10,6
open_qa,6,72
open_qa,9,35
open_qa,6,98
creative_writing,10,110
open_qa,7,55
open_qa,9,118
open_qa,9,47
open_qa,4,63
creative_writing,39,140
open_qa,7,175
open_qa,11,58
open_qa,8,15
open_qa,9,90
open_qa,12,20
open_qa,12,136
creative_writing,5,27
open_qa,14,39
open_qa,7,60
creative_writing,15,213
open_qa,4,49
open_qa,8,22
open_qa,39,162
open_qa,7,19
open_qa,14,6
open_qa,5,66
open_qa,7,63
open_qa,10,90
open_qa,8,8
open_qa,9,104
open_qa,7,12
open_qa,7,54
open_qa,10,5
open_qa,13,2
creative_writing,25,145
creative_writing,16,100
open_qa,6,56
open_qa,11,128
open_qa,19,396
open_qa,7,115
open_qa,8,74
open_qa,9,7
open_qa,10,2
open_qa,10,9
creative_writing,10,332
open_qa,10,3
open_qa,10,104
open_qa,10,54
open_qa,19,212
open_qa,10,54
open_qa,10,129
open_qa,13,49
open_qa,11,8
creative_writing,22,126
open_qa,7,30
open_qa,7,272
open_qa,11,12
open_qa,4,233
open_qa,8,31
open_qa,7,470
open_qa,4,87
open_qa,18,14
open_qa,5,65
open_qa,11,5
creative_writing,6,359
open_qa,8,1
open_qa,5,227
open_qa,6,41
open_qa,10,172
open_qa,9,101
open_qa,19,63
open_qa,13,29
open_qa,9,37
open_qa,6,35
open_qa,12,42
open_qa,12,58
open_qa,9,34
creative_writing,13,46
open_qa,13,4
open_qa,7,4
open_qa,8,4
open_qa,12,48
open_qa,11,89
open_qa,22,4
open_qa,10,72
open_qa,10,2
open_qa,5,1
open_qa,11,55
open_qa,7,28
creative_writing,14,10
open_qa,7,16
open_qa,14,9
open_qa,10,26
open_qa,10,133
creative_writing,15,103
creative_writing,16,135
open_qa,9,4
open_qa,12,20
open_qa,11,45
creative_writing,21,376
open_qa,5,42
open_qa,16,38
open_qa,11,19
open_qa,14,271
open_qa,12,55
open_qa,26,14
open_qa,7,4
open_qa,11,153
open_qa,6,86
creative_writing,41,74
open_qa,8,5
open_qa,12,153
creative_writing,17,150
open_qa,5,46
open_qa,21,5
open_qa,8,346
creative_writing,19,67
open_qa,15,868
open_qa,10,85
open_qa,12,70
open_qa,18,330
creative_writing,16,44
open_qa,5,93
open_qa,10,1
open_qa,10,1951
open_qa,6,75
creative_writing,8,107
open_qa,11,36
open_qa,11,26
creative_writing,8,100
open_qa,3,188
creative_writing,81,253
open_qa,9,7
open_qa,16,42
open_qa,9,8
open_qa,13,8
open_qa,13,114
open_qa,6,69
creative_writing,8,81
open_qa,9,25
open_qa,16,30
open_qa,9,109
open_qa,17,47
open_qa,9,35
open_qa,11,37
creative_writing,6,114
open_qa,13,17
open_qa,11,27
open_qa,5,61
open_qa,4,25
open_qa,8,167
open_qa,19,22
open_qa,14,34
creative_writing,6,395
creative_writing,10,668
open_qa,10,29
open_qa,8,69
open_qa,5,162
open_qa,6,351
open_qa,5,254
open_qa,17,392
open_qa,8,38
open_qa,10,2
open_qa,6,38
open_qa,7,55
open_qa,10,17
open_qa,12,3
open_qa,10,289
open_qa,5,52
open_qa,10,27
open_qa,12,5
open_qa,16,118
open_qa,21,11
open_qa,6,6
open_qa,10,87
open_qa,12,188
open_qa,7,8
creative_writing,7,70
open_qa,4,79
open_qa,10,88
open_qa,12,282
open_qa,10,1
open_qa,6,75
open_qa,9,8
open_qa,8,33
open_qa,9,8
open_qa,12,26
open_qa,15,36
open_qa,9,40
open_qa,5,10
open_qa,5,9
open_qa,17,33
open_qa,5,67
open_qa,9,139
open_qa,7,36
creative_writing,8,339
creative_writing,8,43
open_qa,6,57
open_qa,10,27
open_qa,7,23
open_qa,10,3
creative_writing,40,104
open_qa,10,17
open_qa,9,92
open_qa,5,13
open_qa,7,38
open_qa,12,3
open_qa,11,182
open_qa,16,39
open_qa,6,57
creative_writing,14,431
open_qa,16,30
open_qa,17,25
open_qa,15,6
open_qa,6,27
open_qa,16,126
creative_writing,12,60
open_qa,13,64
open_qa,17,83
open_qa,17,6
open_qa,9,5
open_qa,19,6
open_qa,9,13
creative_writing,19,588
open_qa,10,2
open_qa,8,48
open_qa,11,94
creative_writing,16,291
open_qa,10,10
open_qa,9,42
open_qa,11,3
open_qa,12,55
open_qa,11,6
creative_writing,6,81
open_qa,6,117
open_qa,9,7
creative_writing,9,170
open_qa,5,735
open_qa,5,84
open_qa,8,190
creative_writing,8,48
open_qa,13,27
open_qa,21,11
open_qa,5,144
open_qa,6,1
open_qa,6,65
open_qa,7,26
open_qa,7,4
open_qa,12,221
open_qa,14,69
open_qa,6,30
open_qa,14,22
open_qa,7,9
open_qa,5,19
open_qa,11,28
open_qa,19,12
creative_writing,14,146
open_qa,18,3
open_qa,6,44
open_qa,5,85
open_qa,15,142
open_qa,9,6
open_qa,8,52
open_qa,6,84
creative_writing,8,268
open_qa,5,100
open_qa,16,28
open_qa,5,321
creative_writing,9,103
open_qa,7,33
open_qa,12,4
open_qa,11,4
open_qa,9,121
creative_writing,13,87
open_qa,18,9
open_qa,5,59
creative_writing,19,178
open_qa,8,8
open_qa,10,118
open_qa,19,153
open_qa,8,71
open_qa,13,41
open_qa,7,58
open_qa,15,11
open_qa,4,92
open_qa,8,18
open_qa,10,3
open_qa,13,62
open_qa,12,28
open_qa,8,22
open_qa,5,253
open_qa,8,15
open_qa,10,14
open_qa,13,155
open_qa,8,8
open_qa,9,21
open_qa,10,54
open_qa,17,3
open_qa,7,33
open_qa,9,12
open_qa,11,35
open_qa,10,1
open_qa,9,7
open_qa,8,14
open_qa,15,42
open_qa,12,29
open_qa,9,16
open_qa,9,17
creative_writing,10,45
open_qa,14,27
open_qa,11,12
open_qa,8,61
open_qa,11,65
open_qa,6,550
open_qa,8,3
open_qa,9,52
open_qa,10,10
open_qa,11,2
creative_writing,17,255
open_qa,5,42
open_qa,10,156
open_qa,15,6
creative_writing,5,152
open_qa,6,12
open_qa,19,327
open_qa,10,15
open_qa,6,72
open_qa,5,8
open_qa,14,40
creative_writing,26,272
open_qa,8,3
open_qa,9,90
open_qa,15,21
open_qa,13,2
open_qa,10,15
open_qa,13,22
open_qa,11,21
creative_writing,19,63
open_qa,8,3
creative_writing,19,371
open_qa,20,6
open_qa,8,17
open_qa,6,396
open_qa,9,70
open_qa,9,26
open_qa,11,41
open_qa,7,23
open_qa,13,59
